Name,Public Key,Antenna Height Above Ground (m),Status
Reserved by MeshCore,0000000000000000000000000000000000000000000000000000000000000000,,
☢️ Bradbury,012905f6fe2b496e89400b5c698e1c214602d4931dc1b5ef1145e7feeaff57ab,,
Raglan MQTT Repeater,0148337aa906e02e5c3817cb0ee2ff538b3b6d4fcdbc6205d2bab89304898ace,,active
🎩 SI - Alfa,02b09c5b8c55e1d82f4bd95c3741f82b3f7fafc4675749d4ace649b728446f19,,active
VK2CAQ No1,03a78585476b57aadf56d4ab87764aad9e3ddb204907182924edee1a5f9b0e13,,
Deaddog Shire 🐭,0443c2da46677eb3c417880bd5236aad0fb52cc9c47c4b746829f42fe2685d38,,active
TEST REPEATER,0453f29bc1a672372b0a18b79f544b4c661537ae7a43b435a63fb11a0efc04f2,,active
⚡₂ - Kanangra,05095b197301f0fabe7f57136de9e65d26492822a39daf21c8221c8e69309436,,active
⚡️ - ANSR,05265b086d2548b1eb1d60716f282972fd1451ff2edd124aa832c7b99fc3c3b0,5,delete
🂎 - Rozelle F,065b3b1ac951fe7655e6eb4b9d9bf07bc68d177d189f3fbbfcaa1daa3b25d647,,active
Camden Repeater,07b5adee0492fe3829ed59cdcd1a6cd0a95f5dcf515893b2322ef62376fa3dd3,,active
Woonona Repeater,0893fae74bcf5732f1db788970e35a6ddc38283cbba6bba46dc5cfa233403cd4,,
t1000 ✝️,08ac584ac0816b3dce7080d870bb3e73f2939a57a4161c35fbec99043b99c1a8,,
✝️Cleric,08c56aed8e7cb5097659bf839f7b18cc80cde8d7d837cc9c6576021b030d46e2,,
⚡₂ - Mobile G2,09077a5f1e8bb0d288f08710b3f8910444c05f5f1aa3d60d5f8fb2a1777ab5c6,,active
Mount Rankin Repeater,0a004adfec20d74a537dd13e6f700f671f0f9bf642eb3e2fa4a821e778350254,,
☢️ Alpine,0a8b3986485daf3967295341e57355e93c946164fb4fe387cb4535cff9098973,,active
☣️Hornsby B-N☣️,0b1949485bd52f92a55ed16682625d63784e8b89c157987e634997f4c1ffc7c1,,active
Delete Me,0bd43b5d2064cf8b1f147ce052def49366c26618b24b35eb3466399e5832df1f,,delete
☢️ TBA,0c10e443b3ac29f67750f6a65fc140cf61fca6852bb38fe9964c4e8efa82a68d,,active
jujulilianan testrepeat,0d8e275fb76bb652bea9b678a72e259d65aba607d4e986040136e297c645ef8e,,active
♾️ MMTV - X 0DFEED,0dfeed7a6319b208478150dde106ec3e6ab7a32de490382d0d079c222535b6db,,active
L34-Springwood,0e2f21b2a2ce2db1bef72cc9dc16a3b50b91439fdb9e87b86e0e0e330f264167,,active
⚡₂ - 1,0e609a99afedadb93d6c8ba82ca451fb489437b4cf9461af974fb0f3d10e1957,,active
🛜LUX02 - Mt Keira St,0e94becbbd62c1ca39abdf3f464a505b80f238b8ae8ded05acffe9ffd815b76e,,active
🂎 - Rozelle L,0ec88f8f764f8381f70c66be1087842388fea7a492a393505566eca82e196589,,active
Isso 🐼,0f6c790b75d6af043a2630a14a54d7b57530641be572cd689bd8544f76dfd916,,active
🌱Bridge Camperdown W,10126e49163959fa977e873b3627a0f1c2ac29401696c3c9d140947c0743cdb7,12,delete
🪁 Bald Hill,1066d25a7a60b3c2db041735e7a05209b96402e5c187da2e4a1143afc429e6aa,,active
🌱Chester St,113e9bce50a7a003c97fc13edeb093975a06087fbf16a3b62411931d0ac4f642,10,active
🌱mobile v4,1244c5f64e7b65c419bd7f65da2a2416edf1efe84fd04e868ad77af0f131d4f7,,delete
🌱915.075|125|9P,13d0ff4f248cfd0adb270a0d4dbab9caeb5f2fd8590fdf75db5b4a58a4454725,,active
☂️HP Arncliffe RP,1420cc930316bc0811f6e144191347507707e76adeeaae0fe0f12a7a86394609,,
Mt. Tennent,1520eb70934f47f856bb40ea24ba9c719344445322d5a551d94e60ebd8e2e7d3,,active
Wallys Rpt Thornleigh,156020ec5d2ff6bd2e371b8942cf7b4b57c7feec5d21467e05a380dd79d287a1,3,
🌱Bridge Petersham N,16395388cd4fc2717d6d6122a2e6670f6dab3af6a5eb187e0b429d86efc6fa7f,,
Delete Me,172b75d61fba084d2b288688090f8a0fd2e8b937951e419a7c4374ba81997db8,,delete
🌱915.075|125|9C,18025eec8b807b127539b8f3b28ab339d041a7a8179e7890509ee1b4bda5a8a1,,active
🌱mobile,1808398943cb12730da5ef4f682b41d55fac7403459d2925ca0a773304c0eaee,,active
PetaDaRepeta 👀,18dca8cb99f1907f56638bc49210ebc2d54dd7bbee4ca923d3afae285e103d67,,active
♾️ MMTV - X 1AFEED,1afeed7ba6b7044bdeece53c43225a098d6e54cad4667c6a699bce4c285ccc38,,
🂎 - Rozelle L2,1c9a26efe50445d8c144e10d02fbc2dad64b81b99037c83401ba4c94689cd97a,,active
Engadine Kingswood,1dc33f4fb127c19c7da554e57a6c413ca7a0f696707f2105f6fe37a86086d8f8,,active
🛡️Lakesland,1e124333cc85b452f09980266317ab58fa0ec0c9e45730eeedf8d6c8dd62f600,,active
(🍄) Repeater,1f7ab4b59246246c7d3e9900bf4ba92d128b77699409cc5805fb42f22c887d21,,active
Garran,20b0317dfc89387e27a30ae3e7d12bc57ae624aab3a8beb90f81cb939379aa4d,,active
🌔 Bondi Junction,20cc49ee3825a061b41c74cf8f08ee0cfb256ef52540ef1fd13b1f92be7ba904,,active
Location Test Repeater,20d73140ecea26efc14aed594c37438998757b46cd00615f2aebdbaab6f762f8,,active
L34-EdPark,21488729788dcfb34fc41a3b4dfea70766e80b864ee743c09995073c493d1762,,active
HP UNSW Repeater,21503F9463DDB37DB53FFB1ABFA562B31B980AD404F3D64498F5D2BFC66486F3,,delete
🌱Petersham,21980d422c1cf3ad05049a46d85b9b68db33049c16cfcec9b0f34a6c097a3d37,,active
✝️ Lapstone,2236b54323a4d64073ef91fe66bf4231314d7c90a216f12be68f0b1cf053f3f6,,active
⚡️₂ - PYMC,237020acadee2c69bfd95f24e0a4ead7e531eaf6d1e84da7eaa0d279986e43d6,,active
🌏 2211 Padstow 02,2430ca4c321b88eafd261443710de91130a5921fe0dcb1275e600fc4766f70bd,,active
👽Abbotsbury 1,2511afbd5064709ebc08a651aea722da0fb852ccd19e6f3b91f7540de8627ec3,,
🐝 Lithgow SAF Repeater,2601751a890ff04f53c9fa6261f15f4407b060b1ccb1d746239a906a2fcb12a4,,
📡YER NBSYD 02,26ca452f95ef6a9a7183080e208b2345c0be5b50a9cb97c3790b857dae661681,,delete
🦘Horsley Park,26ee27ffba58f7ab77b21952881973968fc014f01dfa37a818e3bbaa12623b9f,,active
Shortland VK2DDS V4,275784e44cf7aad6547f475b927f01967c7cc84d080f609e590e9c362cb6f8cd,,active
Heltec Repeater,2880642b976537579b2c4f952d1d35a441bf99edb738adc3b6d301d5dc2c285a,,active
Mayfield backup 🐱,28ba06be054020633dbf07a9ce7eea84c4f077dd289995e3aa126874f2fa137a,,active
☠️ Mount Annan Rpt,28c222747e12122a04b8a4196e82d7f2dd490d8a5789b194bd8d6514845b4b16,,
🎩 Island Mesh 🏝,291ad40e1178faddef3da063d5ce5d32614011c030269e1dd52778dd894e5c1c,,active
👽WazMac Field Rep,29e03bfa6399b389f0d7179393981fb2124b8242e0b7022f457852cdb09245e8,,
Not In Use R2,2a0f22fbb2806dfd8be344e30424b15d1175432a8de9044c33b5b8d16f173f9a,,active
Not In Use R2,2a1559f57109a23c86ed85a7658b9795b4a950e4fe35ae91c4db930356dd9cdb,,active
🐉Nth Kelllyville (We,2ac7a1b2bf36d2b40b06b4d639b2631788c1f1b229fdcd361fe1569a461e9154,,
🌏 2200 Bankstown,2b81fee228716d9566b2f38afac6649b7aa5990ae0f071c2fba2b20cab748031,,active
GATE_TEMP,2c0009c5314c6e50f61f70e375d94fbe4b3c847ad4907588ba83953cecbd0e84,,active
♾️ MMTV - BlackTemp,2c06974655595fd54ccd3324066fb2062509918d197910009e50a9ae5b876c63,,active
Lakesland,2c4bb76f2decfb0fc6a1d266fd6504d4133a23cde1e3eec35378a489a2c3c37b,,delete
〽️ - Frenchs Forest,2c86bd4688284ebfa3c1fe6195d1f65b1a8b85a8b5f8d075689e040a30612efb,,active
🐝 Mt Walker Repeater,2cd01aafa545410b08a1f7100923f752323eb6505b90f695cb279250b32287c0,,
♾️ MMTV - X 2CFEED,2cfeedda9da175fc6a92787671170dd9eebd223729703caae3f877143e060bc8,,active
GymReps_V4,2d5f94d4379bc6dcff3608510970f276067dde0b2520a84bf97dae1a3e5a8fe2,,
GymReps_V4,2d6c66b083b9cba46f3a30b4314d4b027aa300e363fac212f80557dca3a8d2b1,,active
Shortland,2dcf53bfb36df2bb80ac8d0652696387cd568cec0066da4c6da55fd2a60afdfd,,active
pyRpt1340,2e8813f36a328c8903d825da6ba160d763d37440fad25fd2798d55912b819768,,active
ICU R2 👀,2ec0ddd2b474fcc34c78a01f76317ec05dfb7386475194ab1cc0ffa0bf2e8129,,active
🦷 Quakers Hill Corb,2fd9c7bbc93def5f7265e9aa9a42fcb4c4b1d144a81ecbe1a8914e746475ee71,,active
🏴‍☠️Mobile,30b8be0e7d7fce6bdbc4f55c02af2205baafe9e7cf2d554b65e4f077b00286c5,,active
Casula Repeater,30cea89fe88014853c8c849023a5c3077d5067c42c6e459cc138d3f773e69ab0,,active
Hampton Repeater,3123e02abc02d188ffd0e5d80fe6131937c7f348b30d872da675b742c94e2399,,active
mesh 2,31943ffddeb69d0233803210e42773036a5e2ff2349916fc3a9d295c54fd0efe,,active
CR Fixed,31d15bf3d455b8a7114222c1321fe86f5e24a0599b24ab9748baa7696598a426,,active
ProMicro Repeater3,31f8e3d2e399786648b6d2a3a2140eb1ae99c3aaa123b08386d553a03e3a194e,,active
⚡₂ - Staples,32d8f527e7a40cd2921e17d41d8379c0d49122cf3afe01fef84e9fb776dfe2c9,43,
⚡ - Mt Colah Backup,330d2ff9cff5264b463aedfdb0a7cce7618830f1bd4a54f82960802cfa08977f,,active
⚡₂ - Mt Colah,33293803dbea7b712ef471ff8241b82f18f172800d3ecb4196ceaa35804d4d17,,active
⚡️ - Mt Colah,332c6509e0fb450f4a2c137a30519cf2665c1d3970ac5e8bd64f903f983270f5,,delete
⚡️ - Mt Colah,3387c548c57be1310eff7250bad5da90872d2951704ffc1b1c81180eb122d48b,,delete
⚡️ - Mt Colah,338a1e97b4a37a45d9ac0912cb34637965e9d907e1e04518d124c256d78519a0,30,delete
⛰️ CC Fill,3424534bf381d5904e208213a0e592224de3b41a36461b2067249964405ca734,,active
Loftus Heights G2,35d60039b97f8048498a40fe4b9c1cb4f7e5aec08ade9f5c845d87211e1a254d,,
ACT-GOWRIE-EDG-01,35e847fa68ad63e0082c7eaf546dc19f34d1f7783d222a7f0205a734029610ee,,active
🌱Camperdown🌤,36018a6eabf2c348d17091e6cf378505995d0ba9e0dcc12c7c2366d0d875cbec,,active
🌱Camperdown🌤,36e2d2f59c5cc149aa7217787dba78ea3d29a85f86d4a40f2c50823bf93eb092,10,delete
Odinsdad reserved,3737f169fbea4a1dfb300c91a8d9b7efc3c216e377090f925fdbaad41e9b8a96,,parked
♾️ MMTV - Belfield,38b0c615ea50ff318a136d88741b886c566ccec2a116c1b0b6bd5f863d2217b7,,
♾️ MMTV - X 38FEED,38feed086acd38a4322d496e18866d21c84062e0a53185382b7f39f37f02b584,,
Ch1cken 2220 Repeater,39c3db1cfdab1123eff16cb8b88fc0e2b9cc1da04e5b6cb94d5f8fb73cf17ed3,,
🏍️Ashfield Nth,3aae8ba3cf3ae81db78579c50e3af18522238fc66342a5d5e5e582ac9e098d43,,active
☢️ TBA m,3adec7b1e17470c8468d54aac4f3925b8f29a95703aca7e1f826a072fd492caa,,active
☂️HP 2155 Bridge W,3b21550eaffd719d97c816f25d64b75a01067395fed0576bb6e19a812e68ef50,,active
⚡️ - Mobile G2,3bf891315d48b2e936fc55ddebb0f6d389850d257dfa1f93d615e0ba7a93e8b6,,delete
🌱Bridge 433.95🌤,3c732b37f8a046b1c3f60a96aaed9641720f1678704f0dd141a1ac8f4eadce17,10,delete
Overkill - Balloon,3d2d43f27ca9293938fa7007678348f7f6b41f7cd537c047720dd531afa30b2e,,
33t2-mini-repeater,3e95c7256aebe9521e4a12251e3a615b2347328f5cab028a24d0122fb61925c9,,
🎩 SIR,3fcd74ecde23058c3ea8afc4d74a1fec6e115be4f603f627e2f92ebab4fd38cb,,
Kemps Creek,4040d601e1e287f49ad358ccfe6c24393913c35456617c88b07641cc47ba0dbc,,
☣️Hornsby Y->E☣,408885c157eccb65be7d3b6478c5c08b69258019a85ed8ba0b8f4865474b488a,,active
RR2,41d3de71e5690239fead4860bd14679f1f284bcbf36f2d8d87f34a491d205ad6,,
🦍 guerrilla 01,421584b6708b62ac6897dc1682b46973fd3243964e65ac7c3018b88b45f9287f,,active
📟 Darling Harbor V3,42b17e605d18948f668cf91e3846a11f7b34e2d03bd6ad862aba9d0ed1a4a635,,
Heltec Repeater,42cd4d5314a5ee06702d828638c073e040b739e504309f6efd6f291b582e5c20,,active
🌱Spare,4337e2d5be4bdb10f1b1dfb20029d5ca47eac2bad323ce737232acfcc984e3f3,,
BeaconHill-Repeater,43ffb46b0124d26044dcb31ffd6563f582998f8fc513f2ca0df22b74dafefb7a,,active
☠️ Not Deployed,444736a77c9c9c987349c92719b3b19fb8c7f08054d6a257886b524eba9a9031,,active
Gresford Repeater 🐉,4451775614cd074863357d0700b770e69065d1697446d613fb7a5e136a3a1f8f,,active
🌱Bridge Camperdown N,44bd5a8a4008317e20d95d485d67483be35c0b08152c87f2cbbedc7eaab2d280,10,delete
☠️Elderslie Rpt,45cb34e93fa2109b6de1ea9b034c90c8ca638fd9e5d86c297a67e4c9f9d8798b,,
🌱Nelson St☀️,465fd4bacf9e86fb62135899955497f2f9083f38e8e31ea538c087b0a6f12f90,2,
🦔 - Castlecrag,47b843a0309a6fb832084ee1ed43fc671b0ad2a0fb126b3e763925cf79a21c49,,active
🤠 Cammeray,4853c66d6d2b3c028dbfc36da22921423ac71aeedddc1c3f43d29cc59dd21b8c,,active
⚡️₂ - St Leonards,49296fae69a742e2c7be2092712860320cd2cec80d69bf64b637d4eeda9ebdff,60,
🏴‍☠️Faulco,4aaaaaa50d884b58fa81edf982d1d719b8c6b403e0121ee73b4f3fff12a64022,,
🦔 - St Ives,4b870ed907ee71047d106933d81c064c3ecd673c2a7a79cbb9ec340ba85a5ce5,,active
Dingus repeater,4ba9c51b34d518ec8f22bf3f93621d1a11b67368818ae228adc63dbff250dd6a,,
⚡₂ - Newcastle TBA,4beca7a538a9193af89452bcb4f77ef62315a2f7b63e22816df39f7af77d7e04,,active
🛜LUX03 - Keira Nth,4c05703c81e953185a2d4282827c3e8a3aef846749a32e7b1a215e1edc03911a,,
Bosco Repeater,4ce7f924255d56e44b3afc071b6fa64e2fd3ed4c4242a19a9a0abf99973fa7d0,,
Mayfield Repeater,4dc5d2f61efd6da4e753dc09a6d07aeb6adf82b105d112b69cbffb9dc1873c91,,
⚡₂ - Cherrybrook,4eddb6db310d70fd821c6783d0e3a8ac6d337b8d5c255f78e3f1bd86d5a0dcda,,active
⚡️ - Cherrybrook,4eddfdd6e9ccafa99ce893e5f3d0223befa7d0c9ca7b1c98572a223dd1671e6c,35,delete
MintyMcMeshface🍀🐼,4f75fd3bc309353538922b58a5167e77251767d680f10a22affa5d6c173db0b4,,active
Gorman's Trig Station,4fae00fc733fe2be73bb49280a539f96a44bd920f9bff8ebb60779659b4d1cd8,,active
🂎 - Rozelle F S,507268f59df5fb8faa4ef7e691b5204bf5ea9a21ff00f07837c924e1efaf3604,,active
☢️ Out Of Order,51b567a8321f2b772c5ca24e874eb96321912da36e81ef9dae81b197b68ac569,,
🥽pi repeater,52e9dc94769258068aceae2e3b9e156fbcf9110dd97d5f8293808392947fdb99,,
ENGADINE REPEATER,53eb11e51bae391c09d1aa7869dbbac4e40cfc1064feb2519afd3ba8e0d3024c,,
〽️ - Greenacre,54d958e6abb929ee6f292329bd8c0936accf7d7e8521f7a8af3030cb4d4d6866,,active
H401R,555d3d4e032f050b78573ac0d9dcd019241fe77da09d9e6d58915455e919d7bc,,active
💢 ATRO - STRATHFIELD,55f4b5df5b7bfbc9d1bf872024249a150ba723f44110625f669a22d8f0dff3f9,,active
♾️ MMTV - Test - TB,55feed8be5cd9d72a45e3dcba01b402e7d7b059918090606cec4b899410bd893,,
🛃Blaxland Heltec,563954ae5a649b52e16b013df23e814e214d467f214e4f08be0f35c7914fdf27,,active
K-Core-Base,5731fa97e2ceb6d1c41d7d57aff477a096f15c4c6f84b8a0438c3a21467fb273,,active
👽West Hoxton,5743cb5018e72a77cb2012b354098fd99b4f84c55ca23f91a9bbbfb989b486d3,,
⚡₂ - Broken 😢,57da904f93611ea0e2d1dcd88988b430935fb0da39915071c4ac80d9a9418a25,,active
♾️ MMTV - FCFEED,586873f73181755386974be0c3e4ef0c2908031895c47bdb120819f41f0e89ac,,active
ICU R2 Mark II 👀,589f32a135f6fab6e45f3aeb64c50656f30a483a33fac1eb2ed063af94a56ba7,,active
oatl-meshcore,5980a89f75c99b4e1637e0ec6b0089a5401e92a365cde33f3a69c7d6c7ecceef,,
☣️Hornsby B-W☣️,5abb73f6a6acb78dfd7ef9d66a93293f474828ad82e1df51e5b409e6348e0668,,active
🐧MeshyRPT *Redfrn_ts,5ae24e7d3900e968b137fd25e4b58cf95dfab5d62500dc8e24dfb87b6ad36408,,
🦷 dave mobile,5b9f1d8d370ce0d22179ef44aec43dec635ac4657678ee2d15339c87fe673279,,active
Kirrawee Repeater,5ba5de7d67d0811cebd4cfe9eea869fc0bca9cddc02bd1bf39394e4da5f4d47d,,active
Camden Test Repeater,5bf2c74dadebba68622682869e7be4fb4c7b1ee5354657b0da909f505634a212,,active
trublion,5c66d2077e7e4d8ac60474f84ccfb0338c93f6765b83bdb6ae96e2f2d24239a0,,active
⚡ - Building Jellore,5d329c36ed43d9d389e4132c630996270b0cccb1a2dd57f7007f3ee337b26f7a,,active
🌱VIC Preset Bridge,5d86237641ee93c12d7a24198bed331d31c532a2110d43585b05802685721fe2,,delete
ColRak Repeater,5e024be1385b2ff2aa3755f7be05e505748303ea4a8dd6b5c7df5ba314bb98dc,,active
South Bathurst Repeater,6040d1557b6e799d171f44ee6e2bc7feddc95eddfdbc6f4556fcf46a04b13fb2,,
🎛️Hornsby dbb Repe,60a660ebd05bfe4c82c5a83f8ce1d380feb2064ba604e7925954209ff0735867,,active
2C-PAC Mac,6109d1672b9b340f52b1e5d5061ba14995c614baffbaf97502b597d70d8cb74e,,
Not In Use R2,61a10335ff1612fbcdc1e4c991bc9cbd7854a87e81892a9c6ff905a1070a6900,,active
Patterson V4 🍄,620706a4eaada3f4fe53a0906d75441f97271a98c6ebcafb29b122f716cc6154,,active
2C-PAC Temp2,628574bb5341e808b44d8783b1ce376a866e9a079d447a75f6a59cd5b379e7c4,,
"""Laura""_Monterey_Rptr",6292f6ce55965b28df65bf2af78473221fe15f050e22ed4c69c4282ff32e5c41,,active
👾 Quakers Hill,62c6ba722167c03908fc00c25391998392842619e3301aaa745000be0e3bd8b2,,active
🐄 Hawkesbury Hts A,63beefc6559f3411c0d9d2eb7472ed5f0ec22cc1a537dd551f44faf127962441,,active
Berowra Observer,63cbc8d18f37965e2d2c8ebcc438082011ac967d120ceebaf7b9494e2d96629b,,active
🐄 Hawkesbury Hts B,64beefb0250ae525979e02f1ebdbce266a1acccff2cbffb24ec9d99236e09d59,2,
👽Wazmac Bridge N,64f08a73466da69317b33856f534db0077dec56208ff50bab432d34b3c07bed4,,active
🐄 North Sydney,65beef87abb2539dc4761bab7a2c7b30409b6271ad7707837c51cc2f3d722957,10,
VIC-Mansfield 🐇,66b44a32b49051f083f285fb184699d352c892ea2726b684bc079bfa5f6e9d25,,active
33t2-mobile repeater,66facbbed204c766052803f612edf79032ecbf5b813dedf71ea73cc8710b938b,,
♾️ MMTV X - 66FEED,66feedfee864826a39b18d2eb199a30f88c429d6f0fe54078fb1716c828096fe,,active
Thornton Repeater🐭,6741f09c0f04a133fa45617b9a3537ddcf941720f3899e67bdbbb50512667316,,active
HangingRock Repeater,67d693ad2bf9d5f5984a1f9ec8fa0dc2c65d774b865cd945f301c0c0db88270a,,
🐄 Marsden Park,68beeffb44555e09fc8e5696394352d9eb6e9d6454785cf107d7628d08b5d763,2,
RobCo | Darling Harbor,6969be2bd73967a4d26a34c52744ad225d5ce94e9ef28dd8e0a295925c1bdcb8,,
Wallsmond,69dd4baa2786732563caca05ffed0446c3f26260d3b2bbba3e30e80ac6c7f73d,,active
Berry Park Repeater🐭,6a89147ed89a2bfdab246ac9aefaf5defa47241a97a297b04cd4029913bd7e96,,active
🐄 Pemulway,6abeef998291eefa67d59825d26c220ea6ea62ecf3c0d60d7a934e4d0f848943,,
Waratah/Mayfield Room Server,6bb6c2e5ddf46e684cc3da697155fa4e34b8067668832f23c3c99405e06706a6,,
👾Green Point ☀️,6bf1224eb9fc5a3740639c14f7987d9b04c13db680b632be7020f68141c55c81,,delete
🧿 Wentworth Pt 01,6c305622b9596d8b5277406c76fd869b2b11f53e807c868a7775e24e9aaa19e6,,
🛜LUX06 - Kiama,6d4ec1f2204fafe7f778490dbdfcf1f96553a00ca16c33f2e942eaaa022b631c,,
Cleric 🥾 ✝️,6e6ee46839fc0f22ac4e15e34af5cba1807301e4ad4b3d31bac3e13c9c0748f5,,
l34-Springwood,6e7dacdd1abfce9a6a8ec0fa0235be8b188d4acd4da9ab913a7ab8b77f92af4c,,active
☢ Campbelltown,6e8117f0edcb51a4c12cbad78a38cf58d1c9e2a45ff367ddee081d62909cbafc,,active
🌱TEcho Lite Bat.test,6f24f27e881c5de2aa718e51e65a771c85be1696225cf62b96ae1371213afcd0,,active
🐄 Melonba,6fbeefa9d0ed891e201fd1b67c56ab909316208b533a0818b5eaebcc7890f465,,
Condell Park Repeater,70c8332ed926542cd72b1e5ce851c664c8e205b57c39cb866302b8474a9939ed,,active
Menai Repeater,70f9fc49f793e538132fa9b49ed3d105ebc0045490c882f31dc14f85dadab685,,active
ACT-WANNIASSA-EDG-01,7185cbaf8530343d60a4116280b396751b3078018759bd7c165ae79b8e202971,,active
Breakfast Point Rpt,71f10c438880eff9bc36317f5a97f83e043f71f14d71b40727137d4fdac570f9,,
BTQ - Hornsby - Window,720433ccd90bc25d8bcbd7a8943103670902be5d344ac845a0e0ce83637a6130,1.5,
BTQ Portable 1,738460c241d09fd9891cb484b316176c929eef2e995e31cbaf77ba6430d7722e,,parked
🗿St Peters Outpost,740c787c6adc46168c0742684ba382d4fd641db3040f314e9b588b0b00993dde,,active
BTQ Hornsby Fence,74ae7f4d30f0a513196477aea65193f7af40edbf4b5e1a1a0d6b3251da6cfb7a,,
🛜LUX11 - Figtree,751ef72da4781301b88a004950ab41cea8edf74e135a86c2e9aa790f82bafaf6,,active
⚡️- Normanhurst,7527b2e76801c60ec119e53a3f892a9e14b6eea1909f365467777e5423c0033c,35,delete
⚡️ - Normanhurst,75bfd1352a36cb8832a7659e6f94d222dfa23c1689a40add38bbae72d6ba405b,35,active
BTQ Hornsby roof,76c3b2e48b2caf54adf2a9256279daf62f8533c6bea8e407e237f3d6d1233b40,,
🍕Marrickville West,77aaa1ceec21270acd956495fd39503b0769fef267b4989ff3a1fe2d27dbe264,,
BTQ Portable 4,77f5829de4fe5dc4212408f1013d613fa98b6a32b827006aba6e559fbdcdc01c,,parked
♾️ MMTV - X 77FEED,77feed2e8615ccdb662ba288dbd88c3e2ab9e2119c93f19ea6c38ec94438493c,,active
BTQ - TBA1,780cded5bbb9660725ec6d6be529ec15e52527d3b227ff286da4bc8cf0820621,,
Mt. Rogers TEST,783baf49653f0e7f2ed6a8678c038f5bfa0dc2c18f280eb5c136ae71aef3dae5,,active
🌱Waterloo,78e13262da7898dfd72f7c57cde2862603c444a8a716c6e9c13046b077b295d4,,delete
🌱TBA,794e9ce7b05de2f9af84a35b13f709ad415136b298af7ef6438d5518fc65ead9,,delete
BTQ - TBA2,799f41451764e9ae739f5b26abfdbb9db5df6e60206b7640c0f2d28c9212a340,,
⚡️-🐝croft,7a48a7293b92ab1538dd632f3bd228e5c193596d9f0dc861b74e5967ddd8ff02,,delete
⚡- Beecroft,7a8314cfdfa255363234150ab0511e4020c44d3a296e39ce12ffb2a4c89e4b6b,,active
👾Sonic - GreenPoint,7b85fd17e533ca397c2b55c2e6a4ba8f6e2c8f7c4a7127be0afb3e766f7a15e6,,delete
ATR0 2 TBA,7bd0e90ee3b9d83013478839d724683156a528b575f4a61ab16d90f0adc3a6aa,,active
CN01 - Circular Quay,7c01528294e97c9119b7014acd9d81e3f7783300c973d7c5cb49a998a0362ec4,,
MMTV - 19007 - TBA,7c6e431e1ef6f776fe623a9012e8e3ad38b9e627daf685292b332e5a43ac680a,,active
🌱Minogue Cr 433,7d6cf7dd926f334b53975124c46aa2c341a1d1a4f440a0f5cbd7e357bbe4eb4f,,active
Barra Brui RPT,7e6c8656b87781625784c140fb9c47ac57c6095040c0cafee7a4c0367d9f94dc,,active
♾️ MMTV - Belmore,7e6e18769193fa63378f0085faa71f2e2bd09af7fecec7530e0f1651ce1d9528,,
♾️ MMTV - X 7EFEED,7efeed20e8b04cb73c409279fd0fbbf2253e2a37a918a5383013a4ace605f2e3,,active
👽Abbotsbury 2,7fc5d3017d8e369090daaf9984825369818b684dd68c338f6d7e11a2cac6cd93,,active
🌱TBA,8000ca0888e90f75ef93f6a225557c965cb26e3ea50b27b65d6f8b5190aaeeb1,1,active
Steven BOS Yellow Rock,81b15e8c04cd72e5b218a0b17c342e4fdab2c6c87053a0594421bf29d59e56e6,,
🧿 Wentworth Pt 03,820b95161db5dfdf72b94fafac01a7779b6b55d9aed15fda8c9d3cfe4deefa5e,,delete
🎩 SIR v2.0,82fb6b9e0c3563990d7ef653731af07e79f4f26544d56f48522433aab92311b4,,active
🦘Railway Repeater,83fff8676e6bfcec630a0118c6ae18bb8399ca9316c1cf1fd25e8d3a8163dca6,,
Berowra,843a677c74af459feff5bfd7d2535b9bfefeb3fca3e70fb81b3aba83ec1625a1,,active
🌱TBA,84545d320af66d72b61406faa667d741db5db8cc356dc99487ce0cac573bacbf,,delete
🗿St Peters Outpost,847e68e4b386ec65cfbdc2ccd8109a541f220312237cb60393e512d01ae17ee3,,active
Camden Test Repeater,851af0addf36f6e6bd627af6354f275e43966eebc87bd237505d875187443942,,active
🌱Mobile Repeater v4,85b9841ca6741ebb64475346b5dfa21f36d77807a8ffc8bca6b1a56cf32d433b,,delete
💁‍♀️ Mobile Re,85f4c8ca35539649135e746c2b4ea31be460eda024f67226d5c4c3941f3b650f,,active
🌱Waterloo,8628f2f40736f67b206ae54d1945fb7568de42578c0c1812e98dd8b1e7dd5040,,active
👾Green Point 🪟,870c2dbd3df1bce7dadb85d3cb22f181d44e0d06785c6f2868b782872742e046,,delete
👾Green Point ☀️,871f9012913eaec6bf6da0237e34ccc546e5333ee673eb1c7ce82567dbe4cf1e,,
Repeater test 🐼,8866a6badf93b3a5d1155eb96a95d7d36513a6bd881516215bb43414ac00a8d1,,active
Isso/Maryville RPT 🛰,88a083a3813f299c8f43fb7598e9a31e4cc4ff40dd443d661c3f701763b48e2c,,delete
☂️HP Tallawong RP,8903b198269360a64f50f9d47b474590e55a6c048a7b1e84b4c77e1e7283abd6,,
Isso (W) 🌉🐼,8a4ef2f61dcfb100c724aa52e508374c7c37e47c6e63f05cfeb74ea0b4924cf9,,active
〽️ 2190 - S3 Test,8c7a99ff9eb28c219d26cbe431b352a1a3a596b73a310a555a0b358834846248,,active
PetershamSouth,8c93567dbc3a91e5d987f712c3c58f6487b590238b53db1fab35f6d22b4f63c2,,active
Sugarloaf North 🍄,8d568aa5976e38d12b7db5c6d6b32bcb16f5a69b499d6a629bcfa3312dee3c0f,,active
Sugarloaf North 🍄,8d66bf30926cb83b08a47af66798331c5143ba13797efa69e9648ff440ca7b7d,,active
🐝 Mt Bindo Temp,8e5f0dcbfde6572a9a7bc35125a946fa1e41f033902469528bcc16aa25a6a4d0,,
(🍄) Hunter expansion,8e83ea7eb9d4b755f7f67475a98dd33735dfe15ee99c5546870262e2aaa7c426,,active
🐨 - Galston,8f2e2ae74e765eeaed3325754262f7e762a4787f56348380c5bcacba08e1d5d7,,active
Mobile Repeater 🐭,8f9a9190eaa5a95fde18ff6fb506e896b9ca74e72cf809b29c5b90b9f4001927,,active
Holsworthy Rptr,90a8b810600af84cf2a60334080030a524c39ca570073ad612eb360922a9463b,,active
Shortland Testing,9172e2fa9eda7a7d682ec226dd138ecdb97334b8ae86fcc43126cca78adbe198,,active
VK2CAQ No2,919ae38b687a9394041ffab7fc66a2b0120b7bbffefc1b6f038a7cbeb890dd70,,
Renwick,93adb2ab16fd48231ded90c4a428ddcf92c2e6ad8ce09fe618e1f27a8f61efcd,,active
E22 Repeater,93fa4c4986bd0d30d6a16c14f367879d51540e27d857195a5aceb288a019bfbb,,active
DENISTONE RPT,94035a7ce619ffefe01f9a80af36586ec3835c247c6cf3f760fb252f453c55ab,,active
EglintonHP,9457bb93ee36e916bf01709e17ad22d4863dba0285c11e9e08e1cbefccd8a1b9,,active
🛥️Haberfield 777,94debdd1bbdbfffcd1519beb1da95c1878d8eb63888d96310b72a73ce8dad08a,,active
CarlSagan-G2,95a6ae9f43ff31e8d1541ed017b48e79486bdd4df00c42f9eb34e7f9b415d476,,
🐝 Kelso Repeater,963811393ce197b936fb65680902b500cc7ce107ac321225e65fee8081effbe4,,
🦊The Fox Den Kentlyn,968f852d8d9364122072a001856e430c6457da5e91a52ccf3afbedca73cd84a3,,active
🌱Bridge Petersham W,973fd16a3c4629247a80fad186e339019439986966b9d893f8fab3b2ac394494,0,active
Mike's Trig🐧,97cf6d85081e25f7efa5b6ed76ce366f62a5dcbf19344193eb5afe184ec5085d,,active
Mt Jerrabomberra 🐧,98c8327daa8d4e3e23f9961e5c5a5a26a1dd5e6db866c53f2dd75aa16c4c4486,,active
🐝 Mt Bindo Repeater,98ee93cd3666552cfd57e0939effb4208773aff7519575db449e32c302b12001,,
Alex - North Parramatta,99460a9ba0536120c9dfd13545b02717dad9f7133709a14d6fe74d8f368d9664,,active
♾️ MMTV - IVY Pool,99feed0054267078e6f3ad40aa198a5cdddd2c2b04b39216727fcce86d383061,,active
🐉Nth Kellyville West,9a8bf34407de63e928a63c18df8f057dd21539e0bfb8d01f5a3d86bb8bae3927,,active
☂️HP 2155 Bridge N,9b2155292f10b75b0e444f3c93d37c4397dd06b1ed51c41feb5807687cbabde1,,active
👽Mobile Repeater,9c311c5e4b819a0aa8e9c1ce92636c65d092a52545aaaa2b2cb532f97efe1728,,
Elderslie Repeater,9da11581c752e3233b73c514e945595aa1f1c36c5062ee9cff50a2dfa196bb33,,
🐝 Bathampton Rptr,9dfa9d83e6fa49f7404d3678cac3beb02fc88b114e578a7f4b2eeb89d1983cf5,,active
🌱Cahill Street☀️,9ea6f7ac22a2d0f3db17c62ff915ec4eca0b1631d0d735510fdb7b96444b77df,,parked
☢️Test 915,9f0138ae0d8f474c06a02fa59336cae941bca1b88a18261b15d8955228e6b741,,active
☢️Test 173,9f02fa17843ad724379aa17c2df446f45e69b36fb27c9cf90ec2addc2c5fc133,,active
🦎Ashfield,a0fb57dd99dd39c805cd64e0d786259376aeec75bfd5f5616ae0d21810c98b49,,
♾️ MMTV - X A0FEED,a0feed8ab092d71deb81dde8b347de0aa86fedc6aebd2dab6574848d5d24ba6d,,active
🌱Backhaul test - del,a106af62dc56c65551c58db3cd2e1ed1cf12613fe16122e7c13bf22679f06188,,delete
☕ Newtown (Sydney) 1,a19b9cc396ad21e2dfa721417f26f2080f8b40b0ac1bc75107e102aa5dbbacd4,,active
GUILDFORD,a20990423f7084b2724f6c3ff40da67db49952992bf791ff9a3f501775d8a3bf,,active
VK2NAP V4 Repeater,a3f93576f8f463cd1fa8159b8876484ebd99e36c999c64f31b5f9668a367f72f,,active
🦘Eglinton Repeater,a5aadb96cfc7bb5b72e660c0504b28e92e231b409c3adf4450cbce3e6f5b66cf,,
🗡️ Rooty Hill WF,a5b3cd5a86b165442e1ec2ac4d5dca1140474f1bc3cee04569ea09d402417fdd,,
Delete me,a7c10d98e6337da94c6bbf5388bab22ee5b296668274f16f5d44734c8dc5a571,,delete
Pfych Repeater,a7fc405db7cead41c105522020879c6ca19ac06f97f85a63dc8e7914aa9932a3,,delete
🌱Brdg 916.575🌤,a86575f57734a68dbe09d8a0e8d1f478b78084a041a168364a5f32d02238bb74,0,delete
Kearns Rpt,a8c9e1d93f3fb6f66e46ce6b4d9ac1865ef0583b22973da90e75a4989cfe6cd2,,active
🥨 Lane Cove,a916e25addeef7ef076b4e6d7c1a4dd8f23c77347d11f128863b9214ae43fea4,,active
☠ Greendale Rpt,a97b453e4f9622cd013acf59bfbf3d0eb510d2d13b3b218ba4c700780ac8e8ea,,
North Kellyville Rptr,a9d47bc084c48142afabcdbe202986ad1bd45add093c78cb7e3fe0ea9da40687,,delete
♾️ MMTV - Test - TB,a9f647e036e931e0d75738ca35b5a908de1219a2a1f3e3c6c923a6787396f6df,,active
VK2BRM Repeater,aa7083bb94e776410d17cfed356172ec580a4d8481b4bc4a73f9a562da8c420e,,
GymReps_V4,ab0de000e561e89bd6393405b5eeb728e1337316e834c377272b562e8c227e25,,active
🛜LUX07 - Mt Gibralta,ab687e3dbbef93fbba17101f2b81e498c50ca6c1898b941586baf9f15d37d575,,
☂️HP UNSW RPTR,accdbea00bf2e69fe5ed9bf701c75c8c1cf81874a8eb749d6fbdbf4ab022ba7f,,active
repeater,acdc7efadc2b7ae2892474adfcfe02232b72987397ec1af067eb01830ea0d02d,,
♦️Ace,ace1234189ccc1725448316edb717d7e464040a076c939445a4d08a079bfa943,,active
🦔 - Northbridge,ace45d886a2017f4d3c874b4ee8d7473321974876fe6804bc5c6b57a7d3f7640,,active
♦♦TBA RAK4631♦♦,ace5855fd571f249ea103db1468b5b6803a98c83fdaf3b4158970d4afa826a57,,active
✝️Mobile,ad3fcf8452917c3d01cda7834aa8ec63c07311f46f1373ad159819a0b5d850d0,,active
Phlanks Mesh R1 Weston,ad41a4304a574d970d8fbf0719921ab3c946cd54a66aa19927c730a3512a7efb,,active
BTQ -  Terry Hills,ae836f555cf9c41ced8c758a49400116765d6ba0c1f67d1bc60ee8433c03cd66,,
Engadine Kingswood Wide,afb02c1af2d5336c72413c70f202932b718a0a781835b2180c0b3edc3e8c65ae,,active
🦖NthKellyville,b00b18ba06f3d21688d477efdc71a15c8177af94cc83751090c6ead7ca56fad2,,
🦖ReptileBase,b00bfc801b12a843ab7d011e6b9dadfd921d2289caac31d30af09fb0cd771528,,active
♾ MMTV - ATRO 5,b05725bd45a71587f4f45a35926f68259f04a608df8ddb9a63217ec72ad33f38,,active
☣️Hornsby Omni☣,b0b200a77ce267b7e7141fca3eceea011d8d99d1f89f5a7309e075b95849ce25,,active
💢 ATRO ENFIELD,b1aced744707a98d912170224c0e9313ac78dba0c6438fdb845ab7f77b953e33,,active
💢 ATRO - DELETE,b1fd61f11933c9c288d48725a5d75462c769da8939ec2804cc7a660a16e89b34,,delete
🂎  - Rozelle B S,b287d74610ec0c05dc2f406326370435b5704900bb114fb0e1393361fe5c2243,,active
💢 ATRO PEAKHURST,b2acedafc195a8a1f709ac7f0d85c0a17904147187754d2a7c48453d0cf3133c,,active
Not In Use R2,b2c99846d301e1a0492349b097f7d2bc3d25c6fb2791265f71dfbc6df838896b,,active
🦍 guerrilla 02,b2da2003961ad00432df4ca949d93581ba90215414535b0d3cd2f49be467bb0d,,active
Wagra Mountain,b32b2c2f40c49de8d0fe44a130913cbed08e59aef0a7fc83d994932a7a8f6c03,,
☣️Hornsby☣️,b33d88a0c14646c1ba3a38661ade6db0812637b86f754f1289cee99c02036dda,,active
☢️ Raby,b41c02a02b9425d7d4c2d612ef348456f56d47c1a739e2255ff71c28e0cf4924,,
⛰️ Plateau RPT,b513ebb098245bdf2fd2b4d87b4eebbed155ddcf5c4e741513b0fa64760d7a95,,
⛰️ CBD Fill,b5233e937c0bfab524b714c072a031c630aa7a6fe8af3d8b2ea845414ecbe532,,active
👾Green Point ☀️,b5fe6ad064f2b51bbfa6a407a51f7e65e1fa0f5b344cbeaf75d9b47204fe6b1c,,delete
😬-Davidson,b61dfc51d85f6ce03e06647d26df2dd9e34f36aed8c6b9d9551438f693ef039f,,active
☢️ Alexandria Desk,b7007214d874e8019d30b18480fa65780fa2fb9de7737049528fa871fe18230f,,active
☠ Kenny Hill Rpt,b745d1254f0639695fd7326c23f3a0bcb92aa4c5e08f6cfc43ba9527db88515d,,
⚡₂ - Strathfield,b8796e9c404f7ca0b6250c2ab3901fc4ced893b562ecb285767a13f0a1f1d6ea,,active
👽WazMac Bridge W,b8e105b8bde29917c52536d8a0e6a2283cba5f1d1f374e80b910a3356eda7d0f,,active
JustSean Austinmer R1,b8f998565f8403ee500e4e98a2cb7058ef1e8101506c21f4fd15524bc433f846,,
😬-Davidson-RPT,b90b56fe8570fa7889b8cce05ef5fad866812543be6fedeacc62ff344022cd93,,delete
Odinsdad reserved,b9bb336fae78e1e1d37ada112d82f282ddaf0aacf68d961b16d520c14498a6aa,,parked
New Lambton Repeater,ba3c49dc66487b1ceeac1cf9b8cee7fe4aff8800f962cfb8361f9684c9c98d2c,,active
👽Abbotsbury 3,bae752f552512fcfc97874444931039e79557011e2fc10e5d8895f83603e1487,,
✝️Nepean River,bb18fef9928d2582f07bc4cfb77e2d057c0bbfd6873381a64f433961d0da71da,,
♾️ MMTV  Test 0.99W,bbfeedb920ca888484b5248901f11414261bfe2bac9d695ddfd0febc4db6ec7c,,active
〽️ - Greenacre PWR,bc2453a8063bce347445b5c1c5c769261a5af5e5916bfab1c1d9cdae28ce5b7f,,active
Mt Ainslie 🦉,bc2d3a7a97dd74531420782c90e8473bb1e6991da77b7a66f71ad864e170e112,,active
SA - 2190 Greenacre,bcf36a8c01c7edbde80d208553038d0d5682a964cc8a5d4e8fae4149a21c3eab,,active
Ashtonfield 🍄,bd684cb7bd0effcea3e340e59a765690c4c9aa9e13c4da83750291aa5f4acd7b,,active
Petetsham South temp,bda87b8d88e82ce363c18a8aee21a27885bc3c29d143dd04e2c0b5ce9301e91f,,active
Bee - Waratah West,bee5120a7a2a4cf17b67fc2ec984c382a90a52944ff9b1e7b47fc52cf6cdea2d,,
〽️ - Wiley Park SLR,bff18b65ff23ea30915511c905902a636752e14acfcde1028608b972ee931b10,,
🧮 Mount Colah North,c01dbeef00f1a88745a2762f20a4119cf06b31a4590b9a41d4fff719af59ee73,,
☕️ Coffee,c0ffeec2e137d93acfc51bfab0339685495fd673e4d9fe972723ce5594ab5c3c,,active
Epping Repeater,c1237b61af7d13a9ee02ed377859f17bf941accea3b191c2bfe2b7a610d7b371,,
⚡₂ - Jellore,c26db9bb5136b6f127eef0d600f0565e458dfe84753be0f674fa7d67ed476965,,active
📟Mosman-Balmoral,c2a73ce3e6924b6e09ae2357fca65a6a1ebdb1245e9aba09327480ee2cf36742,,
JustSean Repeater 1,c349ffeb68ed1169be0775af01085e7c0fdabd18e1e327f8b56b4499835c7645,,
🂎 - Rozelle L,c3d46652f52cf5f8bc365713e634258f0f168b883b346ac6e8ff2cdfb645e8ee,,active
⚡ - Mt Jellore,c6789559dcd194671d258daf16a843e6ebd3b564ef378a1735d34b9f542f6337,,active
🇦🇺 TEMP RPT02,c6d0c81dd69443709f5a4bed9ef10209fbcf786d9b5b32f80519e4c314b2060f,,
🧿 Wentworth Pt Brg,c77a8062554cc78882f5f12b5c8671adc40d3909ad021649a26428e2dc837f94,,active
XiaoS3 Repeater,c78bb48651293608a37b466d50b587a0509dafd0f648b1ad9a497f31b676051d,,active
33t2-RPT/mobile,c8c10c188d58d4871b3eb880696efff697d317d7950511594899500a5b5e6a06,,
♾️ MMTV R - C8FEED,c8feedae2c32bfe55bb8d2bc132f31f9c3132f2e049932fffc748c1413721eea,,active
✝️ADF OrchardHills,c994088710b5279e7e162f914d8321e73f340bf27c869a0c00feaebe4100ba3a,,
♾️ MMTV R - C9FEED,c9feedf206e77438ff8ebd192910f15bd096a5bb88622f6ba5cdab687029c471,,active
🧿 Wentworth Pt 04,ca88211afc273668b749bd69f5d98a05cd72268a008c658aeb74f99bbc9ad8ed,,active
🫃WBDN RPTR II (WIP),cb29c99a0cc158b7537d64accf52b9cdaf3271cd6ce14e81a9212e71f4b26204,,active
Blakehurst Repeater,cbbe1b7f417e09b85cb9147a63b83678e1b5e6428eda1ee55de3f912cd38d8f5,,active
🧿 Silverwater Marker,cbcc6600b15872f39d7cc7eef460b17d7407b314def71694c7f33b0c6afc3170,,active
Not In Use,cc411f384826b3cec55c38134198a7c212435f5776e7796eaa75c5dd13db2b61,,active
🧿 Wentworth Pt Pod,cca082c919fda5782ff82931650b61108906bd01aac5745ab2d6e746d7b81c2b,,
🧿 Wentworth Pt 03,cd6429f4eb38f0f4db86bceb4a450b1cb7f3090ddc63c59e51852959166042bc,,active
🌏 2196 Roselands,ce43eb701b43da3d53eebc1e26eed92802d216c9af99185745d2cc0afd2f7687,,active
🧿 Solar Pod Node 2,ceccc40945d42e3fc79b001328d681ddcc7bef2ffdc7e61847c00ec64cd4c9fb,,active
SummerLoaf 🍄,cf6be58575f66dc5d4ccc76fd69ad94201a73f37bc26b7aa899a47725162a2ba,,active
l34-ambavale,cfd675066bb43e3a9b80192cc490199e5e96e20001e695cab180706ba859c6e1,,active
🧿 Wentworth Pt South,cfe09b3776ac57d7acc876316dd95ff8ae6467e3fb7f53542f1b2f95d51a14b1,,active
🧿 Wentworth Pt South,cfe0962a330628d4c5abb9cd4017fc355dcdb7b0eefc39ecc0199b03365df9a3,,active
Mount Bright 🍄,d0388acc5b60cfca1e2f4004c8144821acd6674573c3153d03ecb7cd478c5213,,active
𝄞Do,d0ed09289a22978560314dce5f31340823d2d42240bcd78b6abde941d52e7ffd,,active
🧿 Rhodes Brg Rpt,d0efcbb0696de3ba23eef28491e9d2f3f11c4af90db78a3a259f92af6d7d3784,,active
Kingsway Cronulla Rptr,d1393cda9bbdbcb76a4234d9adff7de4e603bc07025c975b859438dac917a19c,,active
🇦🇺 Rydalmere RPT,d15122b9c3410b09f310b51a081b9388a3a4b36b9f6cd818f29b578ccf76e5f6,,
Zak Mobile,d1b9fd806c03c44332a3c12bd44b9529aa12b5576c02eadcd9e7bd48c2a620e4,,active
🛡️Lakesland V,d283bb36f30c4aa8c5c9ea218f3dd12ff120174eb9b227fafd419a1877b9fb0d,,active
🛡️Lakesland 2,d284a01b81069fab054ad4355d46c58037618df478e05e64579af5489d1ea569,3,delete
🛡️Lakesland,d28b337542c0023c19f2fa97b4849f1c7345117b855f098544e2b1b3229eb3a7,,
🇦🇺 Rydalmere RPT2,d390a076723d74e679e5fe5aea733d6e9f074c08406cb3fbae583bec0cc8304e,,
🇦🇺 Ermington RPT,d4152c2a16ce25416bc01a885ca15e213d9815515340b3e0fe5ce31f8833180c,,
<svg/onload=alert(1),d4f20278d93884091f3edd1f4a983ecd1646b2aba6b02b9372a78a6e1bab7c92,,active
🌱McNeilly Park☀️,d510aab48eaada34d42eeaf01b627eb44ff8cf357f6dfa3dc6d06b9afd1e9f79,,
🇦🇺 Ermington RPT2,d61f71d0ccb08424e0c5aa87f1e22a7eb14419a8f7a2d3a9e43359fc0c3f8a04,,
✝️,d79c7b0b122b8b4a71285245bd13554b8b5afcb41baf7be8897125f3f1a0bf78,,
ICU R3 pico,d87cabf14260ae57417552e0e8e069da2257a91fab91246274b199c84f409015,,active
TMC Repeater,d88f31dd338d4c29e4a9f20a281c0383688b4e7be376ccfe0c800ce00662fc7e,,
Holsworthy Repeater,d8ed79b5605fdf7d067dc0c38beb48cd87f28abbdf0eccb1e344e4a4c7730b29,,active
✳️ Spring Farm,d9d2937588a9fb4c867e93e6816828a8a6eaec139ba74860f18fc68b024e0860,,active
☎️ Glenbrook,d9f06e7d5afba41ba31426db0adca8b67eaa108cb862de22f24fef6a7068fe3c,,active
Kearns Rpt 2 testing,da26e5ab39f0136594f2120418fdda6d2b4aaaa8cf7bb4b8742f10100fa23a2f,,
⚡₂ - Beecroft,da30eaae04b5210f705488190ef07cf4bb2ea63f9a1248083351189bcff56d52,,active
♾️ MMTV R - DAFEED,dafeed9be41650e3d2d0215e9ea5d902de13711867a2d823db7803ce3dff979b,,active
☂️ HP Bankstown Rep,db3c00f64c0241827c83ac294dab21173fdb9bebadcdf22c12eb1b38d4cca15e,,
♾️ MMTV R - DBFEED,dbfeed0459ced57e9e6d36accc7b76e177ff0be11106fbd8eb280260ce845180,,active
♾️ MMTV - TBA - Sol,dccc467b2fef1769948e662b70d6e01d2ee7e71e180046dfb85b8cd752426fb7,,
♾️ MMTV - DCFEED,dcfeedeee78c0215580df3245751051bd3909491afc84cb878f519094bd8dc43,,active
🇦🇺 TEMP RPT01,dd1241b62fc4af0f4f807b6092ad62f4175c62b223fe9d8f1d511896e1f5766a,,active
☕️J Mobile rpt,ddb00b506583c3ab39731cfad678cfa192c9244311647a8019715d9ccb18f977,,active
⚡- V4 Power Test,de4a2a2e304a716eef07e0a5fb4dc4fe5122bda5a64661efd89454c0d1a74699,,active
⚡₂ - Roof,de611d189a1717efe56c4fc48cba61c569ef445e76f01533d06e1f4742631aba,,active
HiveMesh.au G2,de728887835917e4148244bf8bd14be7b8f11ba1d4c9daa48cd9ba9dc721e5ab,,
📢 DEAF log,deaf109c765d3e42939dd97e1f9c4aecdad047d3f4c4695f4974ff27602a400f,,active
🧿 Wentworth Pt 00,dfca1c6d1442bb8ebd7903f6c26f8b299bf4933efe36566e68853658452fa7f8,,active
♾️ MMTV R - DFFEED,dffeed42145b1fa69bf55030a1c8a6650a26daac5f8c45208435d1d48f9d66a8,,active
✝️In for Repair,e0ae901ebb6f7f2049076724bb4c67c54f441159d060c0001e6410f03547b734,,active
Cleric v4 ✝️,e18afe9fca04fb86286e47501a211eb8d19e35a3e9d013b9b67e190278dce15b,,
♾️ MMTV R - E1FEED,e1feeda207b376846ceb0a4fbc2ab21e507d936dc20c24bf3a9b41eeba9416d8,,active
🦷 Quakers Hill Wold,e2601d59151789bde72045e9a838e9805ea765c74d473a1e1b41e8557b06618e,,active
🛜LUX04 - Port Kembla,e4093953a6408506c962a158b65d07eac37782f4d428d23e6eb11ddc6652e4fd,,
VK2NAP V3 Repeater,e44a383a203c7efe4bc7d95f1bfde1e822a47bdeb07dabde1f33a3ca15724d24,,active
🤠 Zak Mobile,e564de87cbd7eb111d754e2a720e8813a4ddc9fb24d9cbaf565c3ac75e025063,,active
🌐WoononaRepeater,e6d5e897850d78e7448e8718100ffa9f6eb58f07b114e26c17bc42847abb3da3,,active
🦖TestRptr,e7240e0cb85fc6e433ca86e91d8e804258bef1113d7cfc248434be5eaab8ad0a,,active
⚡₂ - Normanhurst,e832aec88f4710acf16ac4608401076d693d9a3627519fe2401c58498d773bd3,,active
Waravalley V4 🐭🍄,ea716ff3d7cee4ccdaec30e4cbf273c554b52ea7c5a8772cd7ade3dae3b84748,,active
〽️ - Greenacre S3,ea953aba011eef0dbe4b35e2f60508f04960a6832cabc0bcee0ecea739dc6bf0,,active
〽️ - Strathfield S,ea9ce65203f6d4c041adddacc1f5b4c55ecd1cef60b4517c67326abcf6a4df59,,active
〽️ - Strathfield S,eaf5b69e08caee92e23a4fe72b7b2d867883a518a07a81ef0cb415aaa21b385b,,active
Guildford West ,eb00c2c51c76eb233a036a75eea562681814cc391cc5cb9d42ca25e94b814181,,
Pfych Repeater,ec85e625b9168978b444413e12a24ff83b3d3e29e45a2c2cd9d4ab0771d834d5,,
Mt. Tennent A,ec86118a46bb33e96bf9607700279837d7d54f6dae707666c59dbe4e11f62eef,,active
MMTV - Belfield South,ed57cb7d8169bdb41ce55f943a11e032ea3b08f34c1d3d2bc6977fafc3830e65,,
♾️ MMTV R - EDFEED,edfeedb52d338209de60fca3ac48583e8c8dc900fd99dbc3d00236af4fca9c6c,,active
33t2-mini repeater,ee1e5645bcb7d4fc108ee2ebc60c798938610233186c1e10f5ef6a449cf58ec1,,
Sugarloaf East,eeee1f284afc562b0a22a5e2e70a91d41ac8ee0c53e0180edf2b985eef69ebd8,,active
MMTV - Black Temp,eefeed9ebf7b0549a95cf144f70492674d061d8f771ecaad6957c3fc870e72f1,,
🐉 Nth KLV EF,efb5127f69ec42ce47cb6264b92b6ee119973747024cb80e20c6a0046fdd0fd2,,active
⚡️₂ - Dural,f000d7c427ae29aa2701d9eaf1b2566576032dd259a31f4f252056cf4fed1f51,,active
📸Totes Not Asis,f0cc8c14359ef0b6f2b8d84e96b31f5968a5f5a7b8563c9e2394d453db07834c,,active
♾️ MMTV - Belfield,f0feed6f965294a6cbd448ecc43ce46b0ebf8dc083e83003e16921e652707e5d,,
✝️ Penrith Station,f1fc699ff05e41738524af480a24ccf5ada1f3248bd23d83f47ae69f44060193,,
♾️ MMTV - Martin Pl,f2feedc0a1a6e76181adfe8ad906e325dc3b0e5e5e1db20bf5d8ac753892fda1,,
⚡₂ - Terry Hills,f38c1ddbd389c29273af11fa2ecc6bf7b34467a883d79f81ae0f92e3c62c51c5,,active
♾️ MMTV - Croydon P,f4feedec6c3b5680a7adfeb2be301441d5e79e75b32da5938ba9fdb4c1cda1a6,,
Ryde Repeater 🔁,f5b41c43d5600c89bdf60fd411b94bd734ab1c764a1bc49e92e669a36d3be913,,active
♾️ MMTV - F5FEED,f5feed4fe4e98dd5cc1afb92abeae836e0dc761b6b1d8a5e8c51b8c0334498c3,,active
♾️ MMTV - XXX,f6feedb490ce49cfe0941ffce850fa1ea753f7c1d70bbd6f54f740d19448be50,,
〽️ - Greenacre WL,f72b520247a7ee704c2ad22d9a29d6b95f861faa38e662f90298b91169c47498,,active
SA - 2190 Greenacre 2,f7aeb38db6e6410ec8aa363834834276179d1409548be26873f0649a42ca610b,,active
🌱Test V3,f7bc3088b2cdf48e90fd45057b2d9241aacc16d0f30d013e9b0e5c2309984ecc,,delete
Upperbundah 🦉,f8fc72c0cf4c4c04f0cce887355949fdd873c639deec7576b5188caf538d7c53,,active
♾️ MMTV - Wynyard,f8feedc41a29d932c7895324c0d26e34bd6a273651f9ab5f9666a1276a80b56b,,
XiaoS3 Repeater,f93549c8600ee5c7c063b66e7636d237bd49470c61dcb5ec8cc310e85ae9afab,,delete
Mt Hugel near Adelong-Tumut,f9b87d3ec231b2dd58f0a7ef664eb833b6f474013b1031b081f8d3233e9f47fe,,
♾️ MMTV - TBA - Sol,f9feedfa9b091d3b9a3b71d242a720080b9cb438bf47d40b0232a731319815a1,,active
𝄞Fa,fa1f28b7ccdd0172bd42f8ccc615941e6ba6fc33630d751f4e0cf4d73c388b47,,delete
🌱Bridge Rd☀️,fa292f7b7d18241d38c7a1db7ec1fccb4ec9d22201276cc062707e0ef489efad,,delete
FarKurnell (T114),faac132f5fc5be8c0a5a636e63e2e843ec2f244401f8347d36e24ea7d264a75d,,active
RockFace Repeater,faceeb2d3052a4caeda7cfcf5e3510bd3823ea7c273fb719bd697311ea43d07f,,active
GymReps_M1_pyMC,faece56ec57fd3bba0952dd7a5ba4d8acead6ce113b37408823425e95bc91235,,active
♾️ MMTV - V4 FAFEED,fafeed5bf63d9e59d05884a93e9550a23ac8849a2fd659ae79c886a3af88d67e,,
🌱delete meee,fb6f7eb6aa77fd41435360bce6b201170554a769a247d19b98b0d1f04867c9ce,,delete
NSW Mt Wee Jasper 🐲,fb94d23b876c30394db8da710d1d6995273c8a7eb69d009582f3d6c88a4b3b1f,,
♾️ MMTV - FBFEED,fbfeede34ee6d3794761d7b94e6fe3076a017b5d4244c4225da5c9d0deca3a5f,,active
🌱TBA,fc1ae909ec52889f3da27a6c42193e31baba77232a47f39a14c1b8310de558c6,,active
BlackHill 🍄,fcedee7c9575987a6ce1ee720a81ee8a40cadf20bffd95f3ecc75a1c8835c686,,active
♾️ MMTV - FCFEED,fcfeed3ca59fc4c91a7b5cc7e572813d773f5b9324772fbe9d8a3af1a9580dc9,,active
Berowra Observer,fd43922733335d3ef9cbb7873c48db97797ba3e00adaae5a3cb369ef3861ee6a,,active
♾️ MMTV - Mobile,fdfeed057df95175dd6d5b86c936e988b0aef9b2b1cd93dc89b0c24e10e7cc22,,
♾️ MMTV - R FEFEED,fefeed524dc21c6870be4324f196c5e7c05093dca153b7b489fb09087df0b7e1,,active
Reserved by MeshCore,ffffffffffffffffffffffffffffffffffffffffffffffffffffffffffffffff,,
